funding_round_id,investors,strict_solution_count,strict_solution,repair_solution_count,repair_solution
b5c19f36-36d7-407a-88b0-3d5a755cd939,"ACVC Partners,Catalus Capital,Fine Structure Venture,Impact Science Ventures,Syensqo Ventures,VoLo Earth Ventures,W.L. Gore & Associates,Zhongli International Financial Leasing Co.,",1,"ACVC Partners || Catalus Capital || Fine Structure Venture || Impact Science Ventures || Syensqo Ventures || VoLo Earth Ventures || W.L. Gore & Associates || Zhongli International Financial Leasing Co.,",0,
b4d52186-4fbe-4dbe-b49f-0c8384c681ac,"6igma Ventures,,Geek Ventures,GoodPaper Ventures,Huyen Tran,One Way Ventures,Reseda Group,TruStage Ventures,Zeal Capital Partners",1,"6igma Ventures, || Geek Ventures || GoodPaper Ventures || Huyen Tran || One Way Ventures || Reseda Group || TruStage Ventures || Zeal Capital Partners",0,
12e557c0-1026-4511-9177-16042a6cd0db,"10D,Alumni Ventures,Ariel Maislos,Benny Schnaider,,Cyber Club London,Kelvin Beachum Jr.,Larry Fitzgerald,Mario Götze,Maty Siman,Michael Dolinsky,Ofer Ben Noon,Slavik Markovich,SV Angel,The Players Fund,toDay.Ventures",1,"10D || Alumni Ventures || Ariel Maislos || Benny Schnaider, || Cyber Club London || Kelvin Beachum Jr. || Larry Fitzgerald || Mario Götze || Maty Siman || Michael Dolinsky || Ofer Ben Noon || Slavik Markovich || SV Angel || The Players Fund || toDay.Ventures",1,10D || Alumni Ventures || Ariel Maislos || Benny Schnaider || Cyber Club London || Kelvin Beachum Jr. || Larry Fitzgerald || Mario Götze || Maty Siman || Michael Dolinsky || Ofer Ben Noon || Slavik Markovich || SV Angel || The Players Fund || toDay.Ventures
fdd41885-d223-4a22-9d18-c13e47658137,"Amit Agarwal,,Anthology Fund,Conviction,Elad Gil,Jeff Dean,Khosla Ventures,Nikesh Arora,S32",1,"Amit Agarwal, || Anthology Fund || Conviction || Elad Gil || Jeff Dean || Khosla Ventures || Nikesh Arora || S32",1,Amit Agarwal || Anthology Fund || Conviction || Elad Gil || Jeff Dean || Khosla Ventures || Nikesh Arora || S32
531f0a75-216b-440b-8460-273e0db49837,"500 Global,Alok Nanavati,Harit Nagpal,Mahesh Kamdar,Sadev Ventures,Silverneedle Ventures,Swati Parikh,,Venture Catalysts,Wavemaker Ventures",1,"500 Global || Alok Nanavati || Harit Nagpal || Mahesh Kamdar || Sadev Ventures || Silverneedle Ventures || Swati Parikh, || Venture Catalysts || Wavemaker Ventures",0,
9cae9a84-4324-4453-8a19-e29822d41f22,"A16Z GAMES Speedrun,Antler,AppWorks,Dan Bunting,Founders Launchpad,Gabby Dizon,Hustle Fund,Joedat Esfahani,Kun Gao,Luka Perković,Marcin Jankowski,Orvel Ventures,Sunset Ventures,Surge,Voyboy ..,",1,"A16Z GAMES Speedrun || Antler || AppWorks || Dan Bunting || Founders Launchpad || Gabby Dizon || Hustle Fund || Joedat Esfahani || Kun Gao || Luka Perković || Marcin Jankowski || Orvel Ventures || Sunset Ventures || Surge || Voyboy ..,",0,
1924ad65-2be1-4f47-b029-9f31c246cdc6,"Anton Bukov,Blockchain Founders Fund,Bodhi Ventures,Dewhales Capital,Faction,Founderheads,,Framework Ventures,Jordi Alexander,Kain Warwick,NGC Ventures,Robot Ventures,Spencer Noon,WAGMI Ventures",1,"Anton Bukov || Blockchain Founders Fund || Bodhi Ventures || Dewhales Capital || Faction || Founderheads, || Framework Ventures || Jordi Alexander || Kain Warwick || NGC Ventures || Robot Ventures || Spencer Noon || WAGMI Ventures",0,
f199209a-ef89-41a1-91b6-7c93858eadd1,"Ahmed Ibrahim Saidan,Madarat Investment,Mohammed ,,,,Outliers Venture Capital",1,"Ahmed Ibrahim Saidan || Madarat Investment || Mohammed,,, || Outliers Venture Capital",0,
d51bfa92-eb2d-405b-844a-c39b821fefa9,"1inch,Clever Advertising,Extream Ventures,Founderheads,,GBV Capital,Hercules Ventures,Luso Digital Assets,LVT Capital,NewTribe Capital,Oasis Metaverse Ventures,Olisipo Way,Oracles Investment Group,Polkastarter,Poolz Ventures,Unreal Capital,ZBS CAPITAL",1,"1inch || Clever Advertising || Extream Ventures || Founderheads, || GBV Capital || Hercules Ventures || Luso Digital Assets || LVT Capital || NewTribe Capital || Oasis Metaverse Ventures || Olisipo Way || Oracles Investment Group || Polkastarter || Poolz Ventures || Unreal Capital || ZBS CAPITAL",0,
d5b45733-5068-489b-9730-7e770da20873,"Arrington Capital,Draper Dragon,Finality Capital Partners,Founderheads,,Fusion Fund,Lightshift Capital,Paper Ventures,Paul Taylor,Protagonist,Selini Capital,Spaceship,UDHC,WAGMI Ventures,Zero DAO,Zero Knowledge",1,"Arrington Capital || Draper Dragon || Finality Capital Partners || Founderheads, || Fusion Fund || Lightshift Capital || Paper Ventures || Paul Taylor || Protagonist || Selini Capital || Spaceship || UDHC || WAGMI Ventures || Zero DAO || Zero Knowledge",0,
564af540-f6ac-4052-85e1-15d61b032023,"1NVST,Carl Runefelt,Crypto Jack,CSP DAO,Eric Cryptoman,Follow[the]Seed,Founderheads,,Iced,NxGen.xyz,Outlier Ventures,Sjuul AltCryptoGems,Skynet Trading,Ted Pillows,X Ventures",1,"1NVST || Carl Runefelt || Crypto Jack || CSP DAO || Eric Cryptoman || Follow[the]Seed || Founderheads, || Iced || NxGen.xyz || Outlier Ventures || Sjuul AltCryptoGems || Skynet Trading || Ted Pillows || X Ventures",0,
544cc01f-3cef-4282-a1ce-73ef0fe6d4eb,"BitScale Capital,Founderheads,,Framework Ventures,Solana Ventures",1,"BitScale Capital || Founderheads, || Framework Ventures || Solana Ventures",0,
b468fd05-00f2-4137-a028-ceac8233b9aa,"Cogitent Ventures,CSP DAO,Double Peak Group,Faculty Group,Founderheads,,Sam Thapaliya,Woodstock Fund,X21 Digital",1,"Cogitent Ventures || CSP DAO || Double Peak Group || Faculty Group || Founderheads, || Sam Thapaliya || Woodstock Fund || X21 Digital",0,
fb9ed75f-c376-4faf-95f1-9ca69266f2f3,"Buildery.vc,ellipsis,EWOR,Maximilian Wittmann,,Revenue Syndicate,Roi Ventures,SuperSeed Ventures,Vanagon Ventures",1,"Buildery.vc || ellipsis || EWOR || Maximilian Wittmann, || Revenue Syndicate || Roi Ventures || SuperSeed Ventures || Vanagon Ventures",0,
d7f6856e-5106-4ee1-b6a0-301799dda26c,"Wealth Pi Fund,Zeng Shaosong,",1,"Wealth Pi Fund || Zeng Shaosong,",0,
a38ce4f3-67e4-4bdf-b969-ffb4ba615615,"AccelVista,Anshul Goyal,,Arun Jain,Chanakya,Dimple Tayal,Gautam Kapur,Himanshu Varshney,Kubera Capital,Puneet Malik,Vitrag Vasa",1,"AccelVista || Anshul Goyal, || Arun Jain || Chanakya || Dimple Tayal || Gautam Kapur || Himanshu Varshney || Kubera Capital || Puneet Malik || Vitrag Vasa",1,AccelVista || Anshul Goyal || Arun Jain || Chanakya || Dimple Tayal || Gautam Kapur || Himanshu Varshney || Kubera Capital || Puneet Malik || Vitrag Vasa
73cff9c2-a0ef-405d-b5fb-3292add4e133,"Founderheads,",1,"Founderheads,",0,
b9223e3c-945a-4a3a-8ee3-061ba35559ab,"Blockchain Founders Fund,BreakOrbit,Founderheads,,Normie Capital,Paul Taylor,Saushank ‏‏‎ ‎‏‏‎ ‎ ‎‏‏‎ ‎",1,"Blockchain Founders Fund || BreakOrbit || Founderheads, || Normie Capital || Paul Taylor || Saushank ‏‏‎ ‎‏‏‎ ‎ ‎‏‏‎ ‎",0,
28d6759d-ccc3-4e49-8554-4432690fd78d,"Flyer One Ventures,Freesearch Ventures,JOINT JOURNEY,R136 Ventures,Wiel Brien Investments, LLC,",1,"Flyer One Ventures || Freesearch Ventures || JOINT JOURNEY || R136 Ventures || Wiel Brien Investments,LLC,",0,
097b45ce-9dd9-48c1-973b-184987974636,"Blockchange Ventures,Castrum Capital,Connectico Capital,Founderheads,",1,"Blockchange Ventures || Castrum Capital || Connectico Capital || Founderheads,",0,
e5c4a112-562d-43e0-b831-41887587cabf,"Arthur Hayes,Black Edge Capital,FOMO Ventures,Founderheads,,Inception Capital,IOBC Capital,Laser Digital,Lattice Fund,Lemniscap,Lyrik Ventures,Public Works,WAGMI Ventures",1,"Arthur Hayes || Black Edge Capital || FOMO Ventures || Founderheads, || Inception Capital || IOBC Capital || Laser Digital || Lattice Fund || Lemniscap || Lyrik Ventures || Public Works || WAGMI Ventures",0,
6eb85f4c-4154-476c-a488-9ac3a1d2b3e4,"Animoca Brands,Baboon.VC,Castrum Capital,ChainGPT,CMT Digital,Founderheads,,GSR Ventures,Kangaroo Capital,Mapleblock Capital,NewTribe Capital,Oddiyana Ventures,Pointer.Capital,Poolside Accelerator,The Spartan Group,undefined capital,Unreal Capital",1,"Animoca Brands || Baboon.VC || Castrum Capital || ChainGPT || CMT Digital || Founderheads, || GSR Ventures || Kangaroo Capital || Mapleblock Capital || NewTribe Capital || Oddiyana Ventures || Pointer.Capital || Poolside Accelerator || The Spartan Group || undefined capital || Unreal Capital",0,
ed5d909a-d0bc-4f21-95c7-cb8f7c6b45db,"Block Builders,Block Hype,Cogitent Ventures,Founderheads,,IVC,Lapin Digital,Modular Capital,Newman Capital,The Spartan Group",1,"Block Builders || Block Hype || Cogitent Ventures || Founderheads, || IVC || Lapin Digital || Modular Capital || Newman Capital || The Spartan Group",0,
4f86ebbe-6d57-4aa6-bc82-d8793cb06af2,"Founderheads,,Hamzah Khan,HashKey Capital,Infinite Capital,PARC Capital,Sky9 Capital",1,"Founderheads, || Hamzah Khan || HashKey Capital || Infinite Capital || PARC Capital || Sky9 Capital",0,
d39a92c5-e8dc-4642-8165-922144c751c1,"Astera Ventures,Build on Bitcoin,Chapter One,Contribution Capital,Faction,Founderheads,,L2 Iterative Venture,Sats Ventures",1,"Astera Ventures || Build on Bitcoin || Chapter One || Contribution Capital || Faction || Founderheads, || L2 Iterative Venture || Sats Ventures",0,
19de47d7-677d-4a42-823c-f0334a40ed35,"Liviu Munteanu,Mosaico Capital,Mozaic Ventures,Radu Cheltuială,,u.ventures",1,"Liviu Munteanu || Mosaico Capital || Mozaic Ventures || Radu Cheltuială, || u.ventures",0,
dcfbcd4a-1f25-4c08-aecf-6482a76bc56b,"CICC Capital,Jiuzhi Ziben,Quzhou Zhisheng Industrial Investment,,Zhejiang University Youchuang",1,"CICC Capital || Jiuzhi Ziben || Quzhou Zhisheng Industrial Investment, || Zhejiang University Youchuang",0,
63c9325a-733e-41f5-89b9-f258f6ec201d,"Anagram,Daedalus Angel Syndicate,Digital Currency Group,Founderheads,,Heartcore Capital,Lattice Fund,Maven 11 Capital",1,"Anagram || Daedalus Angel Syndicate || Digital Currency Group || Founderheads, || Heartcore Capital || Lattice Fund || Maven 11 Capital",0,
24bad30d-cffc-461e-9109-b275af063d01,"Ambis Holding,Helios Holdings,Karimjee Jivanjee Group,Kay Family,Pravek Kalp Family Office,Sanjeev Saraf Family Office,,The Sharda Family Office",1,"Ambis Holding || Helios Holdings || Karimjee Jivanjee Group || Kay Family || Pravek Kalp Family Office || Sanjeev Saraf Family Office, || The Sharda Family Office",0,
0f96b6c7-db03-4557-bb5a-c3720a99e303,"Ranjit Singh,Richard Law,Richard Young,,YFM Equity Partners",1,"Ranjit Singh || Richard Law || Richard Young, || YFM Equity Partners",1,Ranjit Singh || Richard Law || Richard Young || YFM Equity Partners
e74b6265-913d-4469-ac9d-9eaedbb6da73,"Caballeros Capital,Cogitent Ventures,CoinFund,Dragonfly,Founderheads,,MSA Capital,Razer,Saison Capital,Zephyrus Capital,zVentures",1,"Caballeros Capital || Cogitent Ventures || CoinFund || Dragonfly || Founderheads, || MSA Capital || Razer || Saison Capital || Zephyrus Capital || zVentures",0,
e9a302b7-0ba4-4723-bfa5-ea4212aaa82f,"2Lambroz.eth,Acquire.Fi,Contango Digital Assets,Crypto Dog,CryptonautsShow,DCF GOD,DWF Labs,GBV Capital,Genesis Block Ventures,LC Capital,MacnBTC,Mantle Network,Mario Nawfal,Mr Ahboyash,Mr phtevenstrong,Nekoztek ....,,Notch ventures,One Block Capital,OxNairolf ...,,OxNoFacexO ...,,PyroNFT ...,,Ryze Labs,Signum Capital,UOB Venture,Wise3 Ventures,ZeroX Saitama",1,"2Lambroz.eth || Acquire.Fi || Contango Digital Assets || Crypto Dog || CryptonautsShow || DCF GOD || DWF Labs || GBV Capital || Genesis Block Ventures || LC Capital || MacnBTC || Mantle Network || Mario Nawfal || Mr Ahboyash || Mr phtevenstrong || Nekoztek ...., || Notch ventures || One Block Capital || OxNairolf ..., || OxNoFacexO ..., || PyroNFT ..., || Ryze Labs || Signum Capital || UOB Venture || Wise3 Ventures || ZeroX Saitama",0,
921b56ab-5b43-47a7-a9d4-0ff680d70c8a,"Ambis Holding,Karimjee Jivanjee Group,Kubera Venture Capital,Mission Vertical Capital,Pravek Kalp Family Office,Sanjeev Saraf Family Office,",1,"Ambis Holding || Karimjee Jivanjee Group || Kubera Venture Capital || Mission Vertical Capital || Pravek Kalp Family Office || Sanjeev Saraf Family Office,",0,
f0b23cd4-3075-4f8c-89ef-f04a4c648669,"Brian Dunne,,Debbie Ghillino",1,"Brian Dunne, || Debbie Ghillino",0,
f8cdb2c2-9908-4bbe-bc58-1abd6a56f171,"Alliance DAO,BIT,boldstart ventures,Builder Capital,Charge Ventures,Founderheads,,gumi Cryptos Capital (gCC),Meltem Demirors,Mysten Labs,Primal Capital,Tribe Capital",1,"Alliance DAO || BIT || boldstart ventures || Builder Capital || Charge Ventures || Founderheads, || gumi Cryptos Capital (gCC) || Meltem Demirors || Mysten Labs || Primal Capital || Tribe Capital",0,
d8218a86-2a97-48fd-88a9-74e97349d7b2,"1kx,Arrington Capital,Fabric Ventures,Founderheads,,IOBC Capital,Mike Silagadze,Paul Taylor,Rok Kopp,Sreeram Kannan,Stake Capital Group",1,"1kx || Arrington Capital || Fabric Ventures || Founderheads, || IOBC Capital || Mike Silagadze || Paul Taylor || Rok Kopp || Sreeram Kannan || Stake Capital Group",0,
94122208-e6d6-490f-a427-7fa15bc03d80,"BreakOrbit,coinIX,Founderheads,,Hashed Emergent,Mask Network",1,"BreakOrbit || coinIX || Founderheads, || Hashed Emergent || Mask Network",0,
6ed89d33-a09d-4ca5-bd2e-c6fc974d31ce,"AlfaDAO,Cogitent Ventures,Founderheads,,HV Capital,ID Theory,Mechanism Capital,MH Ventures,Momentum 6,Moonrock Capital,MQdao,NxGen.xyz,Silvermine Capital Partners,SkyVision Capital,Tempo,Zee Prime Capital",1,"AlfaDAO || Cogitent Ventures || Founderheads, || HV Capital || ID Theory || Mechanism Capital || MH Ventures || Momentum 6 || Moonrock Capital || MQdao || NxGen.xyz || Silvermine Capital Partners || SkyVision Capital || Tempo || Zee Prime Capital",0,
9ce8e65e-9eef-406f-9ea3-d26f956396ec,"Binhai New Area Biomedicine Fund,,Shanghai Biomedical Industrial Equity Investment Fund",1,"Binhai New Area Biomedicine Fund, || Shanghai Biomedical Industrial Equity Investment Fund",0,
102d6b4d-773b-4492-bfaf-8a74b0d7b050,"ChainGPT,Cogitent Ventures,Cointelligence,Epic Games,Founderheads,,Jets Capital,KuCoin,Moonrock Capital,Seedify",1,"ChainGPT || Cogitent Ventures || Cointelligence || Epic Games || Founderheads, || Jets Capital || KuCoin || Moonrock Capital || Seedify",0,
28b243eb-db4a-4430-ab3f-ffb42b8ad97a,"Absoluta Digital,Avalon Wealth Club,DuckDAO,Dynamic Labs,Founderheads,,Gemhead Capital,J Capital,Marshland Group,MasterBlox,Moni,Spicy Capital,VivaTech Ventures,vt3 Ventures,ZEMU Venture Capital",1,"Absoluta Digital || Avalon Wealth Club || DuckDAO || Dynamic Labs || Founderheads, || Gemhead Capital || J Capital || Marshland Group || MasterBlox || Moni || Spicy Capital || VivaTech Ventures || vt3 Ventures || ZEMU Venture Capital",0,
21b06bee-5de9-4e9b-934e-d88c6a95634c,"Beijing Integrated Circuit Equipment Industry Investment,Hainan Ruilai,,Integrated Circuit Advanced Industry Fund,Jianxin Capital,Jucheng Capital,Qianhai Zhongwei Capital,Sungrow,Tianjin Venture Capital,Woofoo Capital,Xuzhou Zhengwei Investment,Zhike Industrial Investment",1,"Beijing Integrated Circuit Equipment Industry Investment || Hainan Ruilai, || Integrated Circuit Advanced Industry Fund || Jianxin Capital || Jucheng Capital || Qianhai Zhongwei Capital || Sungrow || Tianjin Venture Capital || Woofoo Capital || Xuzhou Zhengwei Investment || Zhike Industrial Investment",0,
a2a309ab-c38a-4ce9-abd2-47640aff8855,"Aleph Zero,Arbitrum Foundation,Circle,Fabric Ventures,Founderheads,,Gnosis,Kwil,NEAR,Radix,Ripple,Tezos Foundation",1,"Aleph Zero || Arbitrum Foundation || Circle || Fabric Ventures || Founderheads, || Gnosis || Kwil || NEAR || Radix || Ripple || Tezos Foundation",0,
250410ec-0d55-41b7-ad8b-92439299949a,"Castle Capital,Cubes Ventures,DCD ‏‏‎ ‎‏‏‎ ‎‏‏‎ ‎‏‏‎ ‎,fomosaurus ‏‏‎ ‎‏‏‎,Founderheads,,Johnny Zcash,Joshua Rager,Kieran Warwick,Lemniscap,Mechanism Capital,Uniswap Villain,Zee Prime Capital",1,"Castle Capital || Cubes Ventures || DCD ‏‏‎ ‎‏‏‎ ‎‏‏‎ ‎‏‏‎ ‎ || fomosaurus ‏‏‎ ‎‏‏‎ || Founderheads, || Johnny Zcash || Joshua Rager || Kieran Warwick || Lemniscap || Mechanism Capital || Uniswap Villain || Zee Prime Capital",0,
46852d34-6156-40ea-9475-38c262c667ee,"Founderheads,,KR1",1,"Founderheads, || KR1",0,
3a1e79ca-70af-4dfb-96bb-ae6ae303ec04,"CyberKongz,Founderheads,,NEO TOKYO,Shima Capital,Solana Foundation,Square Enix",1,"CyberKongz || Founderheads, || NEO TOKYO || Shima Capital || Solana Foundation || Square Enix",0,
b206dd16-823b-424f-9ad0-6a207d9c504f,"Alan Rogers,Anbessa ‏‏‎ ‎‏‏‎ ‎,Anshul Dhir,ARK36,Ash Crypto,Big Brain Holdings,Cointelegraph,Coinvestor Ventures,ConsenSys,crypto lso,Dewhales Capital,Dutch Crypto Investors,Eric Cryptoman,Founderheads,,Gains Associates,Galxe,GBV Capital,MANDO CT,Michael Gu,Michaël van de Poppe,Nischal Shetty,Normie Capital,Pivot,Sjuul AltCryptoGems,Ted Pillows,That Martini Guy,trader xo,zoran kole",1,"Alan Rogers || Anbessa ‏‏‎ ‎‏‏‎ ‎ || Anshul Dhir || ARK36 || Ash Crypto || Big Brain Holdings || Cointelegraph || Coinvestor Ventures || ConsenSys || crypto lso || Dewhales Capital || Dutch Crypto Investors || Eric Cryptoman || Founderheads, || Gains Associates || Galxe || GBV Capital || MANDO CT || Michael Gu || Michaël van de Poppe || Nischal Shetty || Normie Capital || Pivot || Sjuul AltCryptoGems || Ted Pillows || That Martini Guy || trader xo || zoran kole",0,
199ac3bb-2159-47d2-86c9-0f697aeb7639,"32bit Ventures,Cumberland,Cypher Capital,Founderheads,,Mapleblock Capital,Maven Capital,Newman Capital,Presto,Sebastien Borget,Sfermion,Susquehanna International Group",1,"32bit Ventures || Cumberland || Cypher Capital || Founderheads, || Mapleblock Capital || Maven Capital || Newman Capital || Presto || Sebastien Borget || Sfermion || Susquehanna International Group",0,
0a7c2f5f-f109-4eb4-bd58-c33826fdba02,"300 DAO,Founderheads,,MH Ventures",1,"300 DAO || Founderheads, || MH Ventures",0,
0183120e-a927-4fd8-99ac-b823ea3b51c8,"Cogitent Ventures,CSP DAO,Founderheads,,Token Metrics",1,"Cogitent Ventures || CSP DAO || Founderheads, || Token Metrics",0,
8b3f46d6-b2c1-4abe-86a7-51224773c25a,"Cluster Capital,CMS Holdings,Coinvestor Ventures,Faculty Group,Founderheads,,Jets Capital,Legends Group,LVT Capital,Moonhill Capital,MV Global,Polychain,Shapes Ventures,Token Metrics",1,"Cluster Capital || CMS Holdings || Coinvestor Ventures || Faculty Group || Founderheads, || Jets Capital || Legends Group || LVT Capital || Moonhill Capital || MV Global || Polychain || Shapes Ventures || Token Metrics",0,
d14408e5-ba19-478b-918b-b7d60c7f8e9a,"DB Specialty Invest,",1,"DB Specialty Invest,",0,
fe75e5bd-e7e0-46fe-b8de-c8f0e6e43d04,"ChaiTech Ventures,Founderheads,,Lavender Capital,LVT Capital",1,"ChaiTech Ventures || Founderheads, || Lavender Capital || LVT Capital",0,
c44c2e50-bef0-4db0-8ad8-5ef177599e8a,"Founderheads,,Frens Syndicate x VC DAO,YTWO",1,"Founderheads, || Frens Syndicate x VC DAO || YTWO",0,
d370f67f-9080-4ecc-9062-fcdf560d30e4,"300 DAO,Founderheads,,LBANK Labs,MH Ventures,NGC Ventures",1,"300 DAO || Founderheads, || LBANK Labs || MH Ventures || NGC Ventures",0,
9994325f-d4f2-4fc1-b990-be38e91f12b6,"Founderheads,,Sora Ventures",1,"Founderheads, || Sora Ventures",0,
4c79e7e9-f5ff-4882-af39-0151805e74a4,"Axel Christofer Hedfors,Founderheads,,Omid Ashtari,Stride.VC",1,"Axel Christofer Hedfors || Founderheads, || Omid Ashtari || Stride.VC",0,
ec68c1d8-8398-4de1-a1cc-1b2bfa129d42,"Biotech Mountains,CVentures,DB Specialty Invest,,Dr. Dr. Andreas Dorow,Hariolf Fakler,HTGF (High-Tech Gruenderfonds),Kalodion GmbH,NISUS",1,"Biotech Mountains || CVentures || DB Specialty Invest, || Dr. Dr. Andreas Dorow || Hariolf Fakler || HTGF (High-Tech Gruenderfonds) || Kalodion GmbH || NISUS",0,
3fe8db94-09a3-496d-bd57-88a844a2f92d,"a16z crypto,Founderheads,,IDEO CoLab Ventures,Orange DAO,Outliers Fund,Steakhouse Financial,Unbounded Capital",1,"a16z crypto || Founderheads, || IDEO CoLab Ventures || Orange DAO || Outliers Fund || Steakhouse Financial || Unbounded Capital",0,
5fa65a06-959d-4047-a14b-2d32a108023b,"Aza Ventures,Candaq Fintech Group,Cogitent Ventures,Contribution Capital,Dewhales Capital,Dutch Crypto Investors,Foresight X,Founderheads,,Gate,KuCoin Ventures,Laser Digital,Mask Network,ODIG,Polkastarter,Signum Capital,UOB Venture",1,"Aza Ventures || Candaq Fintech Group || Cogitent Ventures || Contribution Capital || Dewhales Capital || Dutch Crypto Investors || Foresight X || Founderheads, || Gate || KuCoin Ventures || Laser Digital || Mask Network || ODIG || Polkastarter || Signum Capital || UOB Venture",0,
5745ae35-b2a5-43e3-9afc-d7d8ebc67c0c,"a16z crypto,alex chiocchi,Christopher Chang,cryptpal singh,DAO Kondr VC,David Nakayama,Dennis Qian,Founderheads,,Henry Chen,Itai Turbahn,Jesse Kao,Jess Zhang,MH Ventures,nonce Classic,Orange DAO,Pepper Ventures,Pioneer Fund,Shad,Space Whale Capital,WWVentures,Yoni Goldberg,YTWO",1,"a16z crypto || alex chiocchi || Christopher Chang || cryptpal singh || DAO Kondr VC || David Nakayama || Dennis Qian || Founderheads, || Henry Chen || Itai Turbahn || Jesse Kao || Jess Zhang || MH Ventures || nonce Classic || Orange DAO || Pepper Ventures || Pioneer Fund || Shad || Space Whale Capital || WWVentures || Yoni Goldberg || YTWO",0,
971a6b79-224f-4a7a-a1ad-573be7c1c61f,"CoinFund,Formless Capital,Founderheads,,GoldenTree Asset Management,GSR,HG Ventures,Hypersphere Ventures,LedgerPrime,Magnus Capital,Mapleblock Capital,Mask Network,Morningstar Ventures,NxGen.xyz,Parachain Ventures,Peech Capital,Pragma Ventures,Stratos Technologies,Wintermute Ventures,ZBS CAPITAL",1,"CoinFund || Formless Capital || Founderheads, || GoldenTree Asset Management || GSR || HG Ventures || Hypersphere Ventures || LedgerPrime || Magnus Capital || Mapleblock Capital || Mask Network || Morningstar Ventures || NxGen.xyz || Parachain Ventures || Peech Capital || Pragma Ventures || Stratos Technologies || Wintermute Ventures || ZBS CAPITAL",0,
d9ca473d-b574-4e04-a462-802043265e71,"Alteria Capital,Ashish Gupta,GGT3 Ventures,,IAN Group,InnoVen Capital,Kunal Malik,Maneesh Dhooper,myPAT,Prime Venture Partners",1,"Alteria Capital || Ashish Gupta || GGT3 Ventures, || IAN Group || InnoVen Capital || Kunal Malik || Maneesh Dhooper || myPAT || Prime Venture Partners",0,
10896f6e-cace-4057-ab51-86abdd2fcfce,"Ali Marvi,Ben Cavender,Frederik Siesbye Halsted,Innovation Fund Denmark,Jacob Gade,Jens Schumann,Jeppe Vestergaard Frandsen,,NCA,Vaekstfonden",1,"Ali Marvi || Ben Cavender || Frederik Siesbye Halsted || Innovation Fund Denmark || Jacob Gade || Jens Schumann || Jeppe Vestergaard Frandsen, || NCA || Vaekstfonden",0,
41dba2fe-cb1a-4a2c-a799-97edc790652e,"Inversiones Financieras e Inmobiliarias S.A.,",1,"Inversiones Financieras e Inmobiliarias S.A.,",0,
9100fd8e-67b9-400f-8d59-f583735064e9,"Avalanche,Beam,Citizen Capital,Founderheads,",1,"Avalanche || Beam || Citizen Capital || Founderheads,",0,
c1b809e8-49c3-45f0-9ef7-1e52eb702670,"Chandler Song,CyberFi,DAO Maker,Founderheads,,Hacken,Magnus Capital,MV Global,Poolz Finance,Ryan Fang,X21 Digital,ZBS CAPITAL",1,"Chandler Song || CyberFi || DAO Maker || Founderheads, || Hacken || Magnus Capital || MV Global || Poolz Finance || Ryan Fang || X21 Digital || ZBS CAPITAL",0,
ce25d5fa-e391-4c6d-a31e-ea656c42490f,"Animoca Ventures,Artichoke Capital,Founderheads,,George Burke,Primitive Ventures,Ravikant Capital,Soma Capital,Yield Guild Games",1,"Animoca Ventures || Artichoke Capital || Founderheads, || George Burke || Primitive Ventures || Ravikant Capital || Soma Capital || Yield Guild Games",0,
e4be9903-5689-4c29-9bbf-52f95c229c37,"Founderheads,,Frontures,Iron Key Capital",1,"Founderheads, || Frontures || Iron Key Capital",0,
1f45854f-74d0-4fdc-9caf-764355b9843c,"Evgeny Gokhberg & Alice Kletskaia,Missouri Technology Corporation,Techstars,Wiel Brien Investments, LLC,",1,"Evgeny Gokhberg & Alice Kletskaia || Missouri Technology Corporation || Techstars || Wiel Brien Investments,LLC,",0,
5f09f5c2-3533-4c89-a1fa-619bc72673fa,"Frekaz Group,Level One Robotics And Controls,,Mason Labs,Tradecraft Capital",1,"Frekaz Group || Level One Robotics And Controls, || Mason Labs || Tradecraft Capital",0,
354bea73-867c-44b4-9857-55f7026b1435,"Founderheads,,Outlier Ventures",1,"Founderheads, || Outlier Ventures",0,
1ef44d5b-3abb-4dfd-9e5c-a3a9139bb7b7,"Asteroid Capital,Banter Capital,Bison Fund Management,Blockchain Founders Fund,Boxmining,ConsenSys,Curve Finance,Cypher Capital,Danish Chaudhry,dt/dv,EnigmaFund,Founderheads,,GBV Capital,Genblock Capital,iAngels,Krypital Group,Mapleblock Capital,Momentum 6,Morningstar Ventures,Mr. Block,Newman Capital,Ozaru Ventures,P2 Ventures,Pranav Sharma,Transform Capital,ViaBTC,Woodstock Fund",1,"Asteroid Capital || Banter Capital || Bison Fund Management || Blockchain Founders Fund || Boxmining || ConsenSys || Curve Finance || Cypher Capital || Danish Chaudhry || dt/dv || EnigmaFund || Founderheads, || GBV Capital || Genblock Capital || iAngels || Krypital Group || Mapleblock Capital || Momentum 6 || Morningstar Ventures || Mr. Block || Newman Capital || Ozaru Ventures || P2 Ventures || Pranav Sharma || Transform Capital || ViaBTC || Woodstock Fund",0,
f34fd55c-b8f2-493d-ad54-6fbabaaa89d2,"500 Global,Blizzard Fund,Blockchain Founders Fund,Coinbase,Founderheads,,Hyperithm,Orange DAO,Psalion VC,Quantstamp",1,"500 Global || Blizzard Fund || Blockchain Founders Fund || Coinbase || Founderheads, || Hyperithm || Orange DAO || Psalion VC || Quantstamp",0,
08e97a80-eb8e-4bef-8e42-404b048f5fde,"Circular Innovation Fund,CNB Capital,European Circular Bioeconomy Fund,Rico Kleinhempel,,SKion,TGFS - Technologiegründerfonds Sachsen",1,"Circular Innovation Fund || CNB Capital || European Circular Bioeconomy Fund || Rico Kleinhempel, || SKion || TGFS - Technologiegründerfonds Sachsen",0,
0de2aa06-53e6-4f05-bc9f-398facd541e1,"Archimed Capital,Auros,Bodhi Ventures,Chorus One,ConsenSys,Danish Chaudhry,Ertan Can,Frachtis,Ivailo Jordanov,Joseph Lubin,Julien Bouteloup,Katia Banina,L2 Iterative Venture,Laser Digital,Mirko S.,Moonhill Capital,Re7 Capital,Ryan Fang,Selini Capital,Shorewoods,Stanislav .,,Stepan Simkin,Susquehanna International Group,Theia Blockchain,Till Wendler,Trident Digital,Tristan Thompson,Triton,Tulipa Capital,Wael Rajab,Yoann Turpin",1,"Archimed Capital || Auros || Bodhi Ventures || Chorus One || ConsenSys || Danish Chaudhry || Ertan Can || Frachtis || Ivailo Jordanov || Joseph Lubin || Julien Bouteloup || Katia Banina || L2 Iterative Venture || Laser Digital || Mirko S. || Moonhill Capital || Re7 Capital || Ryan Fang || Selini Capital || Shorewoods || Stanislav ., || Stepan Simkin || Susquehanna International Group || Theia Blockchain || Till Wendler || Trident Digital || Tristan Thompson || Triton || Tulipa Capital || Wael Rajab || Yoann Turpin",0,
9536a79a-64b2-4b14-9ea9-4abeb0687d27,"Akihiro Nakamura,Atsushi Tamano,Daisuke Kawamoto,Gokai Iwai,GOODWITH LLC.,,Go Watanabe,Hirotaka Otake,Hiroyuki Miyake,Itonaga Shozo,Jiro Tanaka,Kiyohiro Sugashita,Kosuke Noguchi,Kunitomo Kita,Liduka Ken,Mizuki Inoue,Nana Nakauchi,Naohide Kagiwada,Natsuko Tokita,Ryukichi Miyabayashi,Shingo Kato,Sugashita Partners,Taisuke Hoshina,Takamasa Sakai,Takayuki Adachi,Taue Yohei,Tetsuya Hamano,Yasufumi Katayama,Yasutomo Toyofuku,Yoshida Akira,Yoshimasa Hashimoto,Yuichi Hirako,Yuichi Kawasaki,Yuki Saito",1,"Akihiro Nakamura || Atsushi Tamano || Daisuke Kawamoto || Gokai Iwai || GOODWITH LLC., || Go Watanabe || Hirotaka Otake || Hiroyuki Miyake || Itonaga Shozo || Jiro Tanaka || Kiyohiro Sugashita || Kosuke Noguchi || Kunitomo Kita || Liduka Ken || Mizuki Inoue || Nana Nakauchi || Naohide Kagiwada || Natsuko Tokita || Ryukichi Miyabayashi || Shingo Kato || Sugashita Partners || Taisuke Hoshina || Takamasa Sakai || Takayuki Adachi || Taue Yohei || Tetsuya Hamano || Yasufumi Katayama || Yasutomo Toyofuku || Yoshida Akira || Yoshimasa Hashimoto || Yuichi Hirako || Yuichi Kawasaki || Yuki Saito",0,
41fa568e-0dd6-4228-aff6-34badc2e1cae,"Flori Ventures,Founderheads,,Good News Ventures,Olisipo Way,Protocol Labs",1,"Flori Ventures || Founderheads, || Good News Ventures || Olisipo Way || Protocol Labs",0,
80b0ac82-72fc-4477-ba7e-f67ab8368e78,"Ålands Ömsesidiga Försäkringsbolag,,FV Group Holding AB,Tesi,Turret Oy,Veritas Finland",1,"Ålands Ömsesidiga Försäkringsbolag, || FV Group Holding AB || Tesi || Turret Oy || Veritas Finland",0,
1a73b951-984c-4d3c-84d8-29d84fb73d42,"Almi Invest,Farvatn Venture,Håkan Svanberg,,Laurent Leksell",1,"Almi Invest || Farvatn Venture || Håkan Svanberg, || Laurent Leksell",0,
fcbd9a1c-ae2d-40f1-8dd9-9993537a5f20,"Brendan Holt Dunn,Draper Associates,Expert Dojo,Holdun Family Office,Level One Robotics And Controls,,The Holt Xchange,Uniera",1,"Brendan Holt Dunn || Draper Associates || Expert Dojo || Holdun Family Office || Level One Robotics And Controls, || The Holt Xchange || Uniera",0,
e0e7f014-c393-448f-ae34-9f1a5eb5a69c,"Fabian Gosselin Paliza,Jean Philippe Azoulay,,Startupxplore",1,"Fabian Gosselin Paliza || Jean Philippe Azoulay, || Startupxplore",0,
fd480ae1-3bad-4feb-ad27-a757c0c51e36,"Clever web,Founderheads,,Greenfield,Olisipo Way,Possible Ventures,Shilling VC,Spaceship,UniWhales",1,"Clever web || Founderheads, || Greenfield || Olisipo Way || Possible Ventures || Shilling VC || Spaceship || UniWhales",0,
60c6533c-b1ec-49b4-b697-6a0c29e4e294,"Louisiana Economic Development Assoc,,US Department of Commerce, Economic Development Administation",1,"Louisiana Economic Development Assoc, || US Department of Commerce,Economic Development Administation",0,
31aa555e-ce0d-4bdb-bbcd-27e5a717b07c,"GE32 Capital,OPG (Online Printing Group),",1,"GE32 Capital || OPG (Online Printing Group),",0,
d7f15703-a0ba-4110-a4ff-004d7b559e0f,"Avalanche,Cronos.Crypto,Daxos Capital,Dyma Budorin,Founderheads,,INCE Capital,LBANK Labs,Momentum 6,Nicolas Bacca,Owen Simonin,Stake Capital Group,v3ntures",1,"Avalanche || Cronos.Crypto || Daxos Capital || Dyma Budorin || Founderheads, || INCE Capital || LBANK Labs || Momentum 6 || Nicolas Bacca || Owen Simonin || Stake Capital Group || v3ntures",0,
6bdfd686-5e5f-4a50-828b-c03929e6cd44,"Brendan Holt Dunn,Draper Associates,Expert Dojo,Holdun Investments Management,Level One Robotics And Controls,,SDC Management,The Holt Xchange,Uniera",1,"Brendan Holt Dunn || Draper Associates || Expert Dojo || Holdun Investments Management || Level One Robotics And Controls, || SDC Management || The Holt Xchange || Uniera",0,
594b2c51-f02d-44fa-a19f-d0bf0540935f,"Animoca Ventures,Baboon.VC,Big Brain Holdings,Castrum Capital,ChainGPT,CMT Digital,Delroy fong,Denys Zhadanov,Dewhales Capital,Diego Borgo,Founderheads,,GSR,Hartmann Capital,Lavenjer Yeung,LD Capital,Mapleblock Capital,Miko Matsumura,Nick van der Kolk,Oddiyana Ventures,Orange DAO,Polkastarter,Rius Chua,Sebastien Borget,SkyVision Capital,Tal Cohen,The Spartan Group,Tomer Warschauer Nuni",1,"Animoca Ventures || Baboon.VC || Big Brain Holdings || Castrum Capital || ChainGPT || CMT Digital || Delroy fong || Denys Zhadanov || Dewhales Capital || Diego Borgo || Founderheads, || GSR || Hartmann Capital || Lavenjer Yeung || LD Capital || Mapleblock Capital || Miko Matsumura || Nick van der Kolk || Oddiyana Ventures || Orange DAO || Polkastarter || Rius Chua || Sebastien Borget || SkyVision Capital || Tal Cohen || The Spartan Group || Tomer Warschauer Nuni",0,
bbb57e6a-a4ec-4fce-86ee-a1f673c7dc52,"Alchemy Ventures,Builder Capital,Chapter One,Framework Ventures,IDEO CoLab Ventures,Jai Bhavnani,Kelvin Fichter,,Louis Guthmann,P2 Ventures,Sunil Srivatsa",1,"Alchemy Ventures || Builder Capital || Chapter One || Framework Ventures || IDEO CoLab Ventures || Jai Bhavnani || Kelvin Fichter, || Louis Guthmann || P2 Ventures || Sunil Srivatsa",0,
95bcd84b-57af-416c-9165-496ab966e3ac,"Blue Metric Group,",1,"Blue Metric Group,",0,
58412fe8-07a1-4457-bdc1-ea9f5bfc24be,"Cogitent Ventures,Founderheads,,Space Jam Capital",1,"Cogitent Ventures || Founderheads, || Space Jam Capital",0,
37500a08-ff5a-4f7d-b1a0-1bb2f9cb46dc,"Håkan Lagerberg,Håkan Svanberg,,Per Malmström,Swedia Capital",1,"Håkan Lagerberg || Håkan Svanberg, || Per Malmström || Swedia Capital",0,
797cc159-0ae1-4cab-991c-ee2b7672de46,"Blocksync Ventures,Founderheads,",1,"Blocksync Ventures || Founderheads,",0,
9d815a14-adaf-444d-9956-761782105657,"Bureau Capital,,Chengtong Mixed Reform,China Merchants Venture Capital,CITIC Construction Investment,Dyee Capital,Fangyuan Capital,Hermitage Capital,Hexuan Capital,Hidden Hill Capital,Huzhou Economic Development,Lenovo Capital and Incubator Group (LCIG),SDIC Chuangyi,Yinshan Capital,Zibo Jingneng",1,"Bureau Capital, || Chengtong Mixed Reform || China Merchants Venture Capital || CITIC Construction Investment || Dyee Capital || Fangyuan Capital || Hermitage Capital || Hexuan Capital || Hidden Hill Capital || Huzhou Economic Development || Lenovo Capital and Incubator Group (LCIG) || SDIC Chuangyi || Yinshan Capital || Zibo Jingneng",0,
d0bd30b5-b0c7-4983-ad7b-10288b29f1f0,"Fabio Faltoni,Ferrante Gaetani,,Luca Trevisan,Rosario Bifulco",1,"Fabio Faltoni || Ferrante Gaetani, || Luca Trevisan || Rosario Bifulco",0,
686f6e27-84f7-4651-b5a1-823d62642712,"a16z crypto,A.Capital Ventures,Alp Ergin,Ari Barmat,Auryn Macmillan,Ben Middleton,Blake Gao,Clement Fermaud,Cyfrin,Daniel Bar,David Iach,David Truong,DCV capital,Evan Van Ness,Fenbushi Capital,Founderheads,,GD1 (Global From Day One),Igor Barinov,John Henderson,Kartik Talwar,Kerman Kohli,Lito Coen,Martin Tellechea,Matej Nemcek,Moshe Malawach,Paul Salisbury,Sarunas Legeckas,WAGMI Ventures",1,"a16z crypto || A.Capital Ventures || Alp Ergin || Ari Barmat || Auryn Macmillan || Ben Middleton || Blake Gao || Clement Fermaud || Cyfrin || Daniel Bar || David Iach || David Truong || DCV capital || Evan Van Ness || Fenbushi Capital || Founderheads, || GD1 (Global From Day One) || Igor Barinov || John Henderson || Kartik Talwar || Kerman Kohli || Lito Coen || Martin Tellechea || Matej Nemcek || Moshe Malawach || Paul Salisbury || Sarunas Legeckas || WAGMI Ventures",0,
49ae3d97-374e-4a6f-8514-2d9c6c4db51c,"Ana H,",1,"Ana H,",0,
5210628b-fa18-4d51-a0fe-e56748b996d0,"Arena Business Solutions Global SPC II,,Arena Investors",1,"Arena Business Solutions Global SPC II, || Arena Investors",0,
8dd2dbdd-68b2-da03-d246-3db72de37ffb,"Careernet,Ideation Initiative Pvt. Ltd,",1,"Careernet || Ideation Initiative Pvt. Ltd,",0,
755d2fdd-e4ca-42fa-9646-ae7f44c1b30d,"Prosperity7 Ventures,Quzhou Zhisheng Industrial Investment,,Walden International,Zhongtai Renhe Fund",1,"Prosperity7 Ventures || Quzhou Zhisheng Industrial Investment, || Walden International || Zhongtai Renhe Fund",0,
c7115111-b8f8-9f6f-7ab7-fc0fae1ec624,"Advantage Capital,Koerner Capital,Louisiana Economic Development Assoc,",1,"Advantage Capital || Koerner Capital || Louisiana Economic Development Assoc,",0,
6f8375d5-37b6-409c-8c9a-c7ad05ad73aa,"Foresight Ventures,Founderheads,,Momentum 6,NewTribe Capital",1,"Foresight Ventures || Founderheads, || Momentum 6 || NewTribe Capital",0,
72095585-5191-494c-acda-da44e62c8c4d,"San-In Chuo Television Broadcasting,Takayuki Fukatsu,Television Ehime Co.,,TOS TV OITA",1,"San-In Chuo Television Broadcasting || Takayuki Fukatsu || Television Ehime Co., || TOS TV OITA",0,
