training_budget,epoch_index,display_epoch,training_loss,training_seconds,validation_HR@10,validation_NDCG@10,validation_hit_count,mean_positive_rank,median_positive_rank,validation_seconds,became_best,global_optimizer_step,test_cases_scored,best_so_far_NDCG@10,best_so_far_HR@10
1pct,0,1,0.503966831872146,312.57671223022044,0.1341625944024878,0.0670145492859257,302,44.77787649933363,43.0,8.077150480821729,True,105,0,0.0670145492859257,0.1341625944024878
1pct,1,2,0.4725432699689925,317.05938669480383,0.1630386494891159,0.0802072682286249,367,41.00932918702799,37.0,7.486125124618411,True,210,0,0.0802072682286249,0.1630386494891159
1pct,2,3,0.439198417453414,308.28351430781186,0.1568191914704576,0.0735543085351802,353,41.041314971123946,37.0,7.467200195416808,False,315,0,0.0802072682286249,0.1630386494891159
1pct,3,4,0.3828544836256693,309.1933240946382,0.1599289204797867,0.0780889427024408,360,42.19235895157708,40.0,7.503160828724504,False,420,0,0.0802072682286249,0.1630386494891159
1pct,4,5,0.3020640695223913,313.62269354239106,0.1519324744557974,0.0759147604406779,342,43.28031985784096,40.0,7.990702141076326,False,525,0,0.0802072682286249,0.1630386494891159
1pct,5,6,0.2213263993360105,320.7925223056227,0.1510439804531319,0.073932451745419,340,43.21457130164371,41.0,7.68161591514945,False,630,0,0.0802072682286249,0.1630386494891159
1pct,6,7,0.1572134539468316,315.6400635931641,0.1501554864504664,0.0698888066470079,338,43.66725899600178,41.0,8.16521529853344,False,735,0,0.0802072682286249,0.1630386494891159
1pct,7,8,0.1185166724339999,320.976625027135,0.1466015104398045,0.0704181348724998,330,43.300755219902264,41.0,7.928654467687011,False,840,0,0.0802072682286249,0.1630386494891159
1pct,8,9,0.0928976002537711,321.6661062948406,0.1505997334517992,0.0711073922914009,339,43.32918702798756,41.0,7.255697086453438,False,945,0,0.0802072682286249,0.1630386494891159
1pct,9,10,0.0793750172494131,319.9876261819154,0.1430475344291426,0.0694195850328287,322,43.35228787205686,40.0,7.675092091783881,False,1050,0,0.0802072682286249,0.1630386494891159
1pct,10,11,0.0682098320797446,321.6226860322058,0.143936028431808,0.0704580003288772,324,43.573078631719234,40.0,8.295353930443525,False,1155,0,0.0802072682286249,0.1630386494891159
1pct,11,12,0.0618421454811513,321.1429436337203,0.1528209684584629,0.072750452312641,344,43.4762327854287,41.0,7.961442166939378,False,1260,0,0.0802072682286249,0.1630386494891159
1pct,12,13,0.0564306672830502,320.3237885646522,0.1537094624611283,0.0724636227152338,346,42.6988005330964,39.0,8.224236814305186,False,1365,0,0.0802072682286249,0.1630386494891159
1pct,13,14,0.0513600257486715,321.18362000770867,0.1541537094624611,0.0732245258725986,347,43.053753887161264,40.0,8.355867944657803,False,1470,0,0.0802072682286249,0.1630386494891159
1pct,14,15,0.0476425071237549,319.6020768135786,0.1550422034651266,0.0737275627791548,349,42.8507330075522,40.0,7.900973819196224,False,1575,0,0.0802072682286249,0.1630386494891159
1pct,15,16,0.0424299672373719,318.73153768107295,0.1497112394491337,0.0730380279718038,337,42.52465570857397,39.0,8.307723866775632,False,1680,0,0.0802072682286249,0.1630386494891159
1pct,16,17,0.0402244369029732,320.83939265087247,0.1585961794757885,0.0764337498383552,357,42.69702354509107,40.0,8.143827674910426,False,1785,0,0.0802072682286249,0.1630386494891159
1pct,17,18,0.040083953504948,320.6526786778122,0.1590404264771212,0.0755947348205879,358,42.28520657485562,39.0,8.286588912829757,False,1890,0,0.0802072682286249,0.1630386494891159
1pct,18,19,0.0383195652363685,321.22279605828226,0.1590404264771212,0.0761129855501018,358,42.33673922701022,39.0,8.353058395907283,False,1995,0,0.0802072682286249,0.1630386494891159
1pct,19,20,0.0343246217096447,321.57133933901787,0.1532652154597956,0.0738341437149119,345,43.036872501110615,40.0,8.374203888699412,False,2100,0,0.0802072682286249,0.1630386494891159
5pct,0,1,0.4777334550224901,1575.7985196504742,0.2087960906263882,0.1015538880583716,470,37.27054642381164,32.0,7.796786261722445,True,525,0,0.1015538880583716,0.2087960906263882
5pct,1,2,0.4347666138908402,1583.5207003112882,0.2474455797423367,0.1273745491448841,557,33.12705464238116,26.0,7.391152892261744,True,1050,0,0.1273745491448841,0.2474455797423367
5pct,2,3,0.3653144591250558,1669.315888531506,0.2612172367836517,0.1320623772556171,588,34.254997778764995,29.0,9.051730601117017,True,1575,0,0.1320623772556171,0.2612172367836517
5pct,3,4,0.2722356531006096,1662.3129135202616,0.2443358507330075,0.1315811123391674,550,35.90448689471346,31.0,7.817556051537395,False,2100,0,0.1320623772556171,0.2612172367836517
5pct,4,5,0.1992475104834692,1581.8990373183042,0.2421146157263438,0.1278476669520686,545,36.629498000888496,31.0,7.719742292538285,False,2625,0,0.1320623772556171,0.2612172367836517
5pct,5,6,0.1562317032769773,1641.033567480743,0.2354509107063527,0.1284808326568681,530,36.368280764104846,32.0,7.866016721352935,False,3150,0,0.1320623772556171,0.2612172367836517
5pct,6,7,0.1262776194867157,1608.9090575240552,0.2310084406930253,0.1240953023796192,520,36.1737005775211,31.0,7.967430399730802,False,3675,0,0.1320623772556171,0.2612172367836517
5pct,7,8,0.1060867239918172,1618.819853445515,0.2501110617503332,0.1328082835353891,563,35.17992003553976,30.0,7.929717618972063,True,4200,0,0.1328082835353891,0.2612172367836517
5pct,8,9,0.0924299727708111,1588.2402601316571,0.2430031097290093,0.1314824582363394,547,35.349622390048864,30.0,7.840355657041073,False,4725,0,0.1328082835353891,0.2612172367836517
5pct,9,10,0.0840341946895077,1605.5884098690003,0.2447800977343402,0.1305876482277845,551,34.78587294535762,29.0,7.740794686600566,False,5250,0,0.1328082835353891,0.2612172367836517
5pct,10,11,0.0730380101148781,1610.45966777578,0.2456685917370057,0.1306298950765608,553,35.35584184806753,30.0,8.332482120022178,False,5775,0,0.1328082835353891,0.2612172367836517
5pct,11,12,0.0643745010326923,1611.360562408343,0.2612172367836517,0.1381843439949563,588,34.48778320746335,29.0,8.127808004617691,True,6300,0,0.1381843439949563,0.2612172367836517
5pct,12,13,0.0587495349754956,1608.9985541403294,0.2532207907596623,0.1353544786996439,570,34.835628609506884,29.0,7.870851384475827,False,6825,0,0.1381843439949563,0.2612172367836517
5pct,13,14,0.0532081069304232,1635.2798149958253,0.2496668147490004,0.1342283710067993,562,35.00932918702799,30.0,7.729188615456224,False,7350,0,0.1381843439949563,0.2612172367836517
5pct,14,15,0.048886395113921,1586.0047055725008,0.2558862727676588,0.1347683914253133,576,34.662372278987114,29.0,7.757487423717976,False,7875,0,0.1381843439949563,0.2612172367836517
5pct,15,16,0.0437215511805567,1585.2465422675014,0.2532207907596623,0.1401833335114702,570,34.39493558418481,28.0,7.415376991033554,True,8400,0,0.1401833335114702,0.2612172367836517
5pct,16,17,0.0407715710076387,1585.275550076738,0.2514438027543314,0.1377904237532314,566,34.65792980897379,28.0,7.465303035452962,False,8925,0,0.1401833335114702,0.2612172367836517
5pct,17,18,0.0386509177498981,1586.2032081764191,0.2505553087516659,0.1370908060049888,564,34.001332741004,27.0,7.596557004377246,False,9450,0,0.1401833335114702,0.2612172367836517
5pct,18,19,0.0341644952974296,1585.243156639859,0.2456685917370057,0.1312713032895752,553,35.31186139493558,29.0,7.448857888579369,False,9975,0,0.1401833335114702,0.2612172367836517
5pct,19,20,0.0328193115302746,1591.8502164520323,0.2674366948023101,0.1413387528910351,602,34.105730786317196,27.0,8.339929603040218,True,10500,0,0.1413387528910351,0.2674366948023101
10pct,0,1,0.4627831243848006,3167.8715274166316,0.2741003998223012,0.1390224709751884,617,30.705908485117725,24.0,7.9765791315585375,True,1049,0,0.1390224709751884,0.2741003998223012
10pct,1,2,0.3999087216558105,3169.2762590441853,0.3509551310528654,0.1887323907160795,790,27.51043980453132,20.0,7.680729165673256,True,2098,0,0.1887323907160795,0.3509551310528654
10pct,2,3,0.3145013737978872,3171.345772601664,0.3140826299422479,0.1758633730779294,707,30.827187916481563,23.0,7.789128674194217,False,3147,0,0.1887323907160795,0.3509551310528654
10pct,3,4,0.2417880742241376,3172.3291329033673,0.3025322079075966,0.1756299581581998,681,32.52820968458463,26.0,7.741988908499479,False,4196,0,0.1887323907160795,0.3509551310528654
10pct,4,5,0.1886622167621389,3175.3749990426004,0.3034207019102621,0.1704539973837806,683,33.75966237227899,28.0,7.630042525008321,False,5245,0,0.1887323907160795,0.3509551310528654
10pct,5,6,0.154002144693493,3174.046086087823,0.2909817858729454,0.1664714304663728,655,34.13149711239449,28.0,7.627716591581702,False,6294,0,0.1887323907160795,0.3509551310528654
10pct,6,7,0.1287575783628498,3228.821979654953,0.2772101288316304,0.1590977114978974,624,34.17725455353176,29.0,8.650036772713065,False,7343,0,0.1887323907160795,0.3509551310528654
10pct,7,8,0.1095839261421084,3284.543677892536,0.2789871168369613,0.1601743813884473,628,33.66059529098179,28.0,8.009952336549759,False,8392,0,0.1887323907160795,0.3509551310528654
10pct,8,9,0.0944325235298426,3278.144786052406,0.2816525988449578,0.1656246362005556,634,33.724122612172366,28.0,7.830054271966219,False,9441,0,0.1887323907160795,0.3509551310528654
10pct,9,10,0.0825334558324303,3230.2835448812693,0.2914260328742781,0.1703515799124166,656,33.11505997334518,27.0,7.902338633313775,False,10490,0,0.1887323907160795,0.3509551310528654
10pct,10,11,0.0732210636883807,3246.68513411656,0.2887605508662816,0.1627297738603152,650,33.26432696579298,27.0,8.407297994941473,False,11539,0,0.1887323907160795,0.3509551310528654
10pct,11,12,0.0659474248926328,3273.5689131245017,0.2798756108396268,0.165115218670466,630,33.18791648156375,27.0,8.192451288923621,False,12588,0,0.1887323907160795,0.3509551310528654
10pct,12,13,0.058916636940183,3274.1134707555175,0.2976454908929364,0.1738777915922617,670,32.07241226121724,26.0,8.516645416617393,False,13637,0,0.1887323907160795,0.3509551310528654
10pct,13,14,0.0537077160925422,3214.76478687115,0.2927587738782763,0.1667194376911558,659,32.89915593069747,26.0,8.012219864875078,False,14686,0,0.1887323907160795,0.3509551310528654
10pct,14,15,0.0498446924710157,3332.8900093548,0.3007552199022656,0.1729483890955808,677,32.25677476677033,25.0,8.88541478663683,False,15735,0,0.1887323907160795,0.3509551310528654
10pct,15,16,0.0449680324996858,3422.182001376525,0.3047534429142603,0.1740572185293051,686,32.91203909373612,26.0,7.697734981775284,False,16784,0,0.1887323907160795,0.3509551310528654
10pct,16,17,0.0414875964779454,3422.917078718543,0.2940915148822745,0.1700394924073775,662,32.3269657929809,26.0,7.843725839629769,False,17833,0,0.1887323907160795,0.3509551310528654
10pct,17,18,0.0388882135604377,4016.5669775158167,0.2958685028876055,0.1716883539905981,666,32.204797867614396,25.0,14.904350262135267,False,18882,0,0.1887323907160795,0.3509551310528654
10pct,18,19,0.0352931548549346,3359.562605071813,0.2914260328742781,0.1704108631598893,656,32.71079520213239,26.0,7.823977887630463,False,19931,0,0.1887323907160795,0.3509551310528654
10pct,19,20,0.0323520900873912,3183.252718385309,0.2918702798756108,0.1736156963209496,657,32.337627721012886,26.0,7.764737037941813,False,20980,0,0.1887323907160795,0.3509551310528654
